{
  "A fresh verification link has been sent to your email address.": "S'ha enviat un nou enllaç de verificació a la vostra adreça electrònica.",
  "All rights reserved.": "Tots els drets reservats.",
  "Before proceeding, please check your email for a verification link.": "Abans de continuar, si us plau, confirmeu la vostra adreça electrònica amb l'enllaç de verificació que us hem enviat.",
  "click here to request another": "feu clic aquí per sol·licitar-ne un altre",
  "Confirm Password": "Confirmar contrasenya",
  "Dashboard": "Dashboard",
  "E-Mail Address": "Adreça electrònica",
  "Forbidden": "Prohibit",
  "Forgot Your Password?": "Heu oblidat la vostra  contrasenya?",
  "Go Home": "Aneu a l'inici",
  "Hello!": "Hola!",
  "If you did not create an account, no further action is required.": "Si no heu creat cap compte, no es requereix cap acció adicional.",
  "If you did not receive the email": "Si no heu rebut el correu electrònic",
  "If you did not request a password reset, no further action is required.": "Si no heu sol·licitat el restabliment de la contrasenya, obvieu aquest correu electrònic.",
  "If you’re having trouble clicking the \":actionText\" button, copy and paste the URL below\ninto your web browser:": "Si teniu problemes per fer clic al botó \":actionText\", copieu i enganxeu la següent URL \nal vostre navegador web:",
  "Invalid signature.": "Firma no vàlida.",
  "Login": "Entrar",
  "Logout": "Sortir",
  "Name": "Nom",
  "Not Found": "No trobat",
  "Oh no": "Oh no ",
  "Page Expired": "Pàgina caducada",
  "Page Not Found": "Pàgina no trobada",
  "Password": "Contrasenya",
  "Please click the button below to verify your email address.": "Si us plau, feu clic al botó inferior per verificar la vostra adreça electrònica.",
  "Please confirm your password before continuing.": "Si us plau, confirmeu la vostra contrasenya abans de continuar.",
  "Regards": "Salutacions",
  "Register": "Registre",
  "Remember Me": "Recorda'm",
  "Reset Password": "Restablir contrasenya",
  "Reset Password Notification": "Notificació de restabliment de contrasenya",
  "Send Password Reset Link": "Envia'm enllaç per restablir la contrasenya",
  "Server Error": "Error del servidor",
  "Service Unavailable": "Servei no disponible",
  "This action is unauthorized.": "Aquesta acció no està autoritzada.",
  "This password reset link will expire in :count minutes.": "Aquest enllaç de restabliment de contrasenya caducarà en :count minuts.",
  "Toggle navigation": "Commutar navegació",
  "Too Many Attempts.": "Massa intents",
  "Too Many Requests": "Massa peticions",
  "Unauthorized": "No autoritzat",
  "Verify Email Address": "Confirmeu la vostra adreça electrònica",
  "Verify Your Email Address": "Verifiqueu la vostra adreça electrònica",
  "We won't ask for your password again for a few hours.": "No tornarem a demanar-vos la contrasenya durant unes hores.",
  "You are logged in!": "You are logged in!",
  "You are receiving this email because we received a password reset request for your account.": "Heu rebut aquest correu electrònic perquè s'ha solicitat el restabliment de la contrasenya per al vostre compte.",
  "Your email address is not verified.": "La vostra adreça electrònica no està verificada.",
  "Whoops!": "Vaja!"
}
