{
  "A fresh verification link has been sent to your email address.": "Et nyt verifikations-link er sendt til din email-adresse.",
  "All rights reserved.": "Alle rettigheder forbeholdes.",
  "Before proceeding, please check your email for a verification link.": "Før du fortsætter bedes du verificere din konto. Tjek din indbakke.",
  "click here to request another": "klik her for at anmode om ny",
  "Confirm Password": "Bekræft password",
  "Dashboard": "Dashboard",
  "E-Mail Address": "Email-adresse",
  "Forbidden": "Forbudt",
  "Forgot Your Password?": "Glemt dit password?",
  "Go Home": "Til hjem",
  "Hello!": "Hej!",
  "If you did not create an account, no further action is required.": "Hvis du ikke har oprettet en konto skal du ikke gøre mere.",
  "If you did not receive the email": "Hvis du ikke modtog emailen",
  "If you did not request a password reset, no further action is required.": "Hvis du ikke har anmodet om nulstilling af password skal du ikke foretage dig mere.",
  "If you’re having trouble clicking the \":actionText\" button, copy and paste the URL below\ninto your web browser:": "Hvis du har problemer med at klikke på \":actionText\", kan du kopiere nedenstående URL ind en web-browser:",
  "Invalid signature.": "Ugyldig signatur.",
  "Login": "Log ind",
  "Logout": "Log ud",
  "Name": "Navn",
  "Not Found": "Ikke fundet",
  "Oh no": "Åh nej",
  "Page Expired": "Siden er udløbet",
  "Page Not Found": "Siden blev ikke fundet",
  "Password": "Password",
  "Please click the button below to verify your email address.": "Klik på knappen nedenfor for at verificere din email-adresse.",
  "Please confirm your password before continuing.": "Bekræft venligst dit password før du fortsætter.",
  "Regards": "Med venlig hilsen",
  "Register": "Registrér",
  "Remember Me": "Forbliv logget ind",
  "Reset Password": "Nulstil password",
  "Reset Password Notification": "Notifikation til nulstilling af password",
  "Send Password Reset Link": "Send link til nulstilling af password",
  "Server Error": "Server-fejl",
  "Service Unavailable": "Service utilgængelig",
  "This action is unauthorized.": "Denne handling er uautoriseret.",
  "This password reset link will expire in :count minutes.": "Password-link vil udløbe om :count minutter.",
  "Toggle navigation": "Skift navigation",
  "Too Many Attempts.": "For mange forsøg",
  "Too Many Requests": "For mange forespørgsler",
  "Unauthorized": "Uautoriseret",
  "Verify Email Address": "Bekræft email-adresse",
  "Verify Your Email Address": "Bekræft din email-adresse",
  "We won't ask for your password again for a few hours.": "Vi vil ikke forespørge dit password indenfor de næste par timer.",
  "You are logged in!": "You are logged in!",
  "You are receiving this email because we received a password reset request for your account.": "Du modtager denne email fordi vi har modtaget en anmodning om nulstilling af passwordet for din konto.",
  "Your email address is not verified.": "Din email-adresse er endnu ikke verificeret.",
  "Whoops!": "Ups!"
}
