{
  "A fresh verification link has been sent to your email address.": "Ένας νέος σύνδεσμος επαλήθευσης έχει σταλεί στη διεύθυνση ηλεκτρονικού ταχυδρομείου σας.",
  "All rights reserved.": "Πνευματική προστασία περιεχομένου.",
  "Before proceeding, please check your email for a verification link.": "Πριν συνεχίσετε, ελέγξτε το email σας για έναν σύνδεσμο επαλήθευσης.",
  "click here to request another": "κάντε κλικ εδώ για να ζητήσετε ακόμη ένα",
  "Confirm Password": "Επιβεβαίωση Κωδικού",
  "Dashboard": "Dashboard",
  "E-Mail Address": "Διεύθυνση E-Mail",
  "Error": "Σφάλμα",
  "Forbidden": "Απαγορευμένο",
  "Forgot Your Password?": "Ξεχάσατε τον κωδικό σας;",
  "Go Home": "Πήγαινε στην αρχική",
  "Hello!": "Γεια σου!",
  "hi": "γεια",
  "If you did not create an account, no further action is required.": "Εάν δεν δημιουργήσατε λογαριασμό, δεν απαιτείται περαιτέρω ενέργεια.",
  "If you did not receive the email": "Εάν δεν λάβατε το μήνυμα ηλεκτρονικού ταχυδρομείου",
  "If you did not request a password reset, no further action is required.": "Εάν δεν ζητήσατε επαναφορά κωδικού πρόσβασης, δεν απαιτείται περαιτέρω ενέργεια.",
  "If you’re having trouble clicking the \":actionText\" button, copy and paste the URL below\ninto your web browser:": "Αν αντιμετωπίζετε προβλήματα με το κλικ στο κουμπί \":actionText\", αντιγράψτε και επικολλήστε την παρακάτω διεύθυνση \nστο πρόγραμμα περιήγησης:",
  "Invalid signature.": "Invalid signature.",
  "Login": "Είσοδος",
  "Logout": "Έξοδος",
  "Name": "Όνομα",
  "Not Found": "Not Found",
  "Oh no": "Ωχ, όχι!",
  "Page Expired": "Η συνεδρία έληξε",
  "Page Not Found": "Η σελίδα δεν βρέθηκε",
  "Password": "Κωδικός",
  "Please click the button below to verify your email address.": "Κάντε κλικ στο παρακάτω κουμπί για να επαληθεύσετε τη διεύθυνση ηλεκτρονικού ταχυδρομείου σας.",
  "Please confirm your password before continuing.": "Please confirm your password before continuing.",
  "Regards": "Φιλικά",
  "Register": "Εγγραφή",
  "Remember Me": "Μείνετε συνδεμένοι",
  "Reset Password": "Επαναφορά Κωδικού",
  "Reset Password Notification": "Ειδοποίηση επαναφοράς κωδικού",
  "Send Password Reset Link": "Αποστολή συνδέσμου επαναφοράς κωδικού πρόσβασης",
  "Server Error": "Server Error",
  "Service Unavailable": "Μη διαθέσιμη υπηρεσία",
  "Sorry, the page you are looking for could not be found.": "Λυπούμαστε, η σελίδα που ψάχνετε δεν βρέθηκε.",
  "Sorry, you are forbidden from accessing this page.": "Λυπούμαστε, απαγορεύεται να έχετε πρόσβαση σε αυτήν τη σελίδα.",
  "Sorry, you are making too many requests to our servers.": "Λυπούμαστε, κάνετε πολλά αιτήματα στους διακομιστές μας.",
  "Sorry, you are not authorized to access this page.": "Λυπούμαστε, δεν έχετε εξουσιοδότηση για πρόσβαση στη σελίδα αυτή.",
  "Sorry, your session has expired. Please refresh and try again.": "Λυπούμαστε, η σύνοδος σας έχει λήξει. Ανανεώστε τη σελίδα και δοκιμάστε ξανά.",
  "Sorry, we are doing some maintenance. Please check back soon.": "Δυστυχώς, κάνουμε κάποια συντήρηση. Ελέγξτε ξανά σύντομα.",
  "This action is unauthorized.": "This action is unauthorized.",
  "This password reset link will expire in :count minutes.": "This password reset link will expire in :count minutes.",
  "Toggle navigation": "Εναλλαγή πλοήγησης",
  "Too Many Attempts.": "Too Many Attempts.",
  "Too Many Requests": "Πάρα πολλά αιτήματα",
  "Unauthorized": "Χωρίς εξουσιοδότηση",
  "Verify Email Address": "Επιβεβαιώστε τη διεύθυνση ηλεκτρονικού ταχυδρομείου",
  "Verify Your Email Address": "Επιβεβαιώστε τη διεύθυνση ηλεκτρονικού ταχυδρομείου σας",
  "We won't ask for your password again for a few hours.": "We won't ask for your password again for a few hours.",
  "You are logged in!": "You are logged in!",
  "You are receiving this email because we received a password reset request for your account.": "Λαμβάνετε αυτό το μήνυμα ηλεκτρονικού ταχυδρομείου επειδή λάβαμε ένα αίτημα επαναφοράς κωδικού πρόσβασης για το λογαριασμό σας.",
  "Your email address is not verified.": "Your email address is not verified.",
  "Whoops!": "Ουπς!",
  "Whoops, something went wrong on our servers.": "Ουπς, κάτι πήγε στραβά."
}
