{
  "A fresh verification link has been sent to your email address.": "नयाँ ईमेल प्रमाणिकरण लिंक तपाईको इ-मेल ठेगानामा पठाइएको छ।",
  "All rights reserved.": "सबै अधिकार सुरक्षित।",
  "Before proceeding, please check your email for a verification link.": "अघि बढ्नु अघि कृपया तपाईंको ईमेल प्रमाणिकरण लिंकका लागि जाँच गर्नुहोस्",
  "click here to request another": "अर्को अनुरोध गर्न यहाँ क्लिक गर्नुहोस्",
  "Confirm Password": "पासवर्ड सुनिश्चित गर्नुहोस",
  "Dashboard": "ड्यासबोर्ड",
  "E-Mail Address": "इ - मेल ठेगाना",
  "Forbidden": "निषेध गरिएको",
  "Forgot Your Password?": "तपाईको पासवर्ड बिर्सनुभयो?",
  "Go Home": "घर जाउ",
  "Hello!": "नमस्कार!",
  "If you did not create an account, no further action is required.": "यदि तपाईंले खाता सिर्जना गर्नुभएको छैन भने, अगाडि कुनै कार्यको आवश्यक पर्दैन।",
  "If you did not receive the email": "यदि तपाईंले ईमेल प्राप्त गर्नुभएको छैन भने",
  "If you did not request a password reset, no further action is required.": "यदि तपाईंले पासवर्ड रिसेट अनुरोध गर्नुभएन भने, अगाडि कुनै कार्य आवश्यक पर्दैन।",
  "If you’re having trouble clicking the \":actionText\" button, copy and paste the URL below\ninto your web browser:": "यदि तपाईंलाई क्लिक गर्दा समस्या भइरहेको छ भने \":actionText\" बटन, प्रतिलिपि गरेर तल URL लाई टाँस्नुहोस् वेब n तपाइँको वेब ब्राउजर:",
  "Invalid signature.": "अवैध हस्ताक्षर।",
  "Login": "लगइन",
  "Logout": "लगआउट",
  "Name": "नाम",
  "Not Found": "फेला परेन",
  "Oh no": "ओह होइन",
  "Page Expired": "पृष्ठ समयावधि सकियो",
  "Password": "पासवर्ड",
  "Please click the button below to verify your email address.": "कृपया तलको बटन क्लिक गर्नुहोस् तपाईंको ईमेल ठेगाना प्रमाणित गर्न।",
  "Please confirm your password before continuing.": "कृपया जारी राख्नु अघि तपाईंको पासवर्ड पुष्टि गर्नुहोस्।",
  "Regards": "सादर",
  "Register": "दर्ता गर्नुहोस्",
  "Remember Me": "मलाई सम्झनुहोस्",
  "Reset Password": "पासवर्ड रिसेट गर्नुहोस्",
  "Reset Password Notification": "पासवर्ड सूचना रिसेट गर्नुहोस्",
  "Send Password Reset Link": "पासवर्ड रिसेट लिंक पठाउनुहोस्",
  "Server Error": "सर्भर त्रुटि",
  "Service Unavailable": "सेवा अनुपलब्ध",
  "This action is unauthorized.": "यो कार्य अनधिकृत छ।",
  "This password reset link will expire in :count minutes.": "यस पासवर्ड रिसेट लिंकको म्याद सकिन्छ :count minutes.",
  "Toggle navigation": "टगल नेभिगेसन",
  "Too Many Attempts.": "धेरै धेरै प्रयासहरू।",
  "Too Many Requests": "धेरै धेरै अनुरोधहरू",
  "Unauthorized": "अनधिकृत",
  "Verify Email Address": "ईमेल ठेगाना प्रमाणित गर्नुहोस्",
  "Verify Your Email Address": "तपाईको इ-मेल ठेगाना प्रमाणित गर्नुहोस्",
  "We won't ask for your password again for a few hours.": "हामी तपाइँको पासवर्ड केहि घण्टा फेरि सोध्ने छैनौं।",
  "You are logged in!": "तपाईं लग इन हुनुहुन्छ!",
  "You are receiving this email because we received a password reset request for your account.": "तपाईं यो ईमेल प्राप्त गर्दै हुनुहुन्छ किनकि हामीले तपाईंको खाताको लागि पासवर्ड रिसेट अनुरोध प्राप्त गर्यौं।",
  "Your email address is not verified.": "तपाईको इ-मेल ठेगाना प्रमाणित गरिएको छैन।",
  "Whoops!": "उफ्!"
}
