{
    "A fresh verification link has been sent to your email address.": "Um novo link de verificação foi enviado para seu endereço de e-mail.",
    "All rights reserved.": "Todos os direitos reservados.",
    "Before proceeding, please check your email for a verification link.": "Antes de prosseguir, procure pelo link de verificação na sua caixa de correio.",
    "click here to request another": "clique aqui para pedir outro",
    "Confirm Password": "Confirmar Palavra-passe",
    "Dashboard": "Painel de Controlo",
    "E-Mail Address": "Endereço de e-mail",
    "Forbidden": "Proibido",
    "Forgot Your Password?": "Esqueceu-se da Palavra-passe?",
    "Go Home": "Voltar ao início",
    "Hello!": "Olá!",
    "If you did not create an account, no further action is required.": "Se não criou uma conta, ignore este e-mail.",
    "If you did not receive the email": "Se não recebeu o e-mail",
    "If you did not request a password reset, no further action is required.": "Se não pediu para redefinir a palavra-passe, ignore este e-mail.",
    "If you’re having trouble clicking the \":actionText\" button, copy and paste the URL below\ninto your web browser:": "Se não conseguir clicar no botão \":actionText\", copie e cole a URL abaixo\nno seu browser:",
    "Invalid signature.": "Assinatura inválida.",
    "Login": "Iniciar Sessão",
    "Logout": "Terminar Sessão",
    "Name": "Nome",
    "Not Found": "Não encontrado",
    "Oh no": "Oh não",
    "Page Expired": "Página expirou",
    "Password": "Palavra-passe",
    "Please click the button below to verify your email address.": "Por favor, clique no botão em baixo para verificar seu endereço de e-mail.",
    "Please confirm your password before continuing.": "Por favor, confirme sua palavra-passe antes de continuar.",
    "Regards": "Atenciosamente",
    "Register": "Registar",
    "Remember Me": "Lembrar-me",
    "Reset Password": "Redefinir Palavra-passe",
    "Reset Password Notification": "Notificação para redefinir a Palavra-passe",
    "Send Password Reset Link": "Enviar link para redefinir a Palavra-passe",
    "Server Error": "Erro do servidor",
    "Service Unavailable": "Serviço indisponível",
    "This action is unauthorized.": "Esta ação não é autorizada.",
    "This password reset link will expire in :count minutes.": "O Link para redefinir a palavra-passe vai expirar em :count minutos.",
    "Toggle navigation": "Alternar navegação",
    "Too Many Attempts.": "Demasiadas tentativas.",
    "Too Many Requests": "Demasiados pedidos",
    "Unauthorized": "Não autorizado",
    "Verify Email Address": "Verifique o endereço de e-mail",
    "Verify Your Email Address": "Verifique seu endereço de e-mail",
    "We won't ask for your password again for a few hours.": "Não vamos pedir a sua palavra-passe novamente por algumas horas.",
    "You are logged in!": "A sessão foi iniciada!",
    "You are receiving this email because we received a password reset request for your account.": "Recebeu esse e-mail porque foi solicitada a redefinição da palavra-passe da sua conta.",
    "Your email address is not verified.": "Seu endereço de e-mail não está verificado.",
    "Whoops!": "Ops!"
}
