{
  "A fresh verification link has been sent to your email address.": "Novi verifikacioni link je poslat na Vašu e-mail adresu.",
  "All rights reserved.": "Sva prava zadržana.",
  "Before proceeding, please check your email for a verification link.": "Pre nego sto nastavite, molimo Vaš proverite e-mail za verifikacioni link.",
  "click here to request another": "Kliknite ovde da pošaljete još jedan",
  "Confirm Password": "Potvrdite lozinku",
  "Dashboard": "Kontrolna tabla",
  "E-Mail Address": "Adresa elektronske pošte",
  "Forbidden": "Zabranjeno",
  "Forgot Your Password?": "Zaboravili ste lozinku?",
  "Go Home": "Idi na pocetnu",
  "Hello!": "Zdravo!",
  "If you did not create an account, no further action is required.": "Ukoliko niste kreirali nalog, nije potrebno da preduzimate dalje korake.",
  "If you did not receive the email": "Ako niste primili e-mail",
  "If you did not request a password reset, no further action is required.": "Ukoliko niste zahtevali promenu lozinke, nije potrebno da preduzimate dalje korake.",
  "If you’re having trouble clicking the \":actionText\" button, copy and paste the URL below\ninto your web browser:": "Ako imate problema pri kliku na \":actionText\" dugme, kopirajte i nalepite URL ispod\n ili u vaš veb pretraživač:",
  "Invalid signature.": "Nevažeći potpis.",
  "Login": "Prijava",
  "Logout": "Odjava",
  "Name": "Ime",
  "Not Found": "Nije pronađeno.",
  "Oh no": "Oh ne",
  "Page Expired": "Stranica je istekla",
  "Password": "Lozinka",
  "Please click the button below to verify your email address.": "Molimo kliknite na dugme ispod da verifikujete Vašu e-mail adresu.",
  "Please confirm your password before continuing.": "Molimo potvrdite Vašu lozinku da biste nastavili.",
  "Regards": "Pozdrav",
  "Register": "Registracija",
  "Remember Me": "Zapamti me",
  "Reset Password": "Resetuj lozinku",
  "Reset Password Notification": "Obaveštenje o resetovanju lozinke",
  "Send Password Reset Link": "Pošalji link za resetovanje lozinke",
  "Server Error": "Serverska greška",
  "Service Unavailable": "Servis nedostupan",
  "This action is unauthorized.": "Ova akcija nije ovlašćena.",
  "This password reset link will expire in :count minutes.": "Link za promenu lozinke istice za :count minuta.",
  "Toggle navigation": "Prikaži navigaciju",
  "Too Many Attempts.": "Previše pokušaja.",
  "Too Many Requests": "Previše zahteva",
  "Unauthorized": "Neovlašćen pristup",
  "Verify Email Address": "Verifikuj Email Adresu",
  "Verify Your Email Address": "Verifikujte Vašu Email Adresu",
  "We won't ask for your password again for a few hours.": "Nećemo Vas ponovo pitati za Vašu lozinku u nekoliko sledećih sati.",
  "You are logged in!": "Ulogovani ste!",
  "You are receiving this email because we received a password reset request for your account.": "Dobili ste ovaj email zato što samo primili zahtev za promenu lozinke za Vaš nalog.",
  "Your email address is not verified.": "Vaša email adresa nije verifikovana.",
  "Whoops!": "Ups!"
}
