{
  "A fresh verification link has been sent to your email address.": "Yeni bir doğrulama bağlantısı e-posta adresinize gönderildi.",
  "All rights reserved.": "Tüm hakları saklıdır.",
  "Before proceeding, please check your email for a verification link.": "Devam etmeden önce, doğrulama bağlantısı için lütfen e-postanızı kontrol edin.",
  "click here to request another": "başka bir tane daha talep etmek için tıklayın",
  "Confirm Password": "Parolayı Onayla",
  "Dashboard": "Dashboard",
  "E-Mail Address": "E-Posta Adresi",
  "Error": "Hata",
  "Forbidden": "Yasak",
  "Forgot Your Password?": "Parolamı Unuttum?",
  "Go Home": "Anasayfaya Git",
  "Hello!": "Merhaba!",
  "hi": "merhaba",
  "If you did not create an account, no further action is required.": "Bir hesap oluşturmadıysanız, başka bir işlem yapmanıza gerek yoktur.",
  "If you did not receive the email": "E-postayı almadıysanız",
  "If you did not request a password reset, no further action is required.": "Bir parola sıfırlama talebinde bulunmadıysanız, başka bir işlem yapmanıza gerek yoktur.",
  "If you’re having trouble clicking the \":actionText\" button, copy and paste the URL below\ninto your web browser:": "\":actionText\" düğmesine tıklamakta sorun yaşıyorsanız, aşağıdaki bağlantıyı kopyalayıp\ntarayıcınıza yapıştırın: [:actionURL](:actionURL)",
  "Invalid signature.": "Geçersiz imza.",
  "Login": "Giriş Yap",
  "Logout": "Çıkış Yap",
  "Name": "Ad",
  "Not Found": "Bulunamadı",
  "Oh no": "Ah hayır",
  "Page Expired": "Sayfa zaman aşımına uğradı",
  "Page Not Found": "Sayfa Bulunamadı",
  "Password": "Parola",
  "Please click the button below to verify your email address.": "E-posta adresinizi doğrulamak için lütfen aşağıdaki düğmeye tıklayın.",
  "Please confirm your password before continuing.": "Devam etmeden önce lütfen parolanızı onaylayın.",
  "Regards": "En iyi dileklerle",
  "Register": "Kayıt Ol",
  "Remember Me": "Beni Hatırla",
  "Reset Password": "Parolayı Sıfırla",
  "Reset Password Notification": "Parola Sıfırlama Bildirimi",
  "Send Password Reset Link": "Parola Sıfırlama Bağlantısı Gönder",
  "Server Error": "Sunucu Hatası",
  "Service Unavailable": "Hizmet Kullanılamıyor",
  "This action is unauthorized.": "Bu işleme izin verilmiyor.",
  "Sorry, the page you are looking for could not be found.": "Üzgünüz, aradığınız sayfa bulunamadı.",
  "Sorry, you are forbidden from accessing this page.": "Üzgünüz, bu sayfaya erişmeniz yasaklandı.",
  "Sorry, you are making too many requests to our servers.": "Üzgünüz, sunucularımıza çok fazla istekte bulunuyorsunuz.",
  "Sorry, you are not authorized to access this page.": "Üzgünüz, bu sayfaya erişme izniniz yok.",
  "Sorry, your session has expired. Please refresh and try again.": "Üzgünüz, oturumunuzun süresi doldu. Lütfen yenileyin ve tekrar deneyin.",
  "Sorry, we are doing some maintenance. Please check back soon.": "Üzgünüz, biraz bakım yapıyoruz. Lütfen kısa bir süre sonra tekrar kontrol edin.",
  "This password reset link will expire in :count minutes.": "Bu parola sıfırlama bağlantısının geçerliliği :count dakika sonra sona erecek.",
  "Toggle navigation": "Menüyü Aç/Kapat",
  "Too Many Attempts.": "Çok Fazla Deneme.",
  "Too Many Requests": "Çok Fazla İstek",
  "Unauthorized": "İzinsiz",
  "Verify Email Address": "E-posta Adresini Doğrula",
  "Verify Your Email Address": "E-posta Adresinizi Doğrulayın",
  "We won't ask for your password again for a few hours.": "Birkaç saat boyunca parolanızı tekrar sormayacağız",
  "You are logged in!": "You are logged in!",
  "You are receiving this email because we received a password reset request for your account.": "Hesabınız için bir parola sıfırlama talebi aldığımız için bu e-postayı alıyorsunuz.",
  "Your email address is not verified.": "E-posta adresiniz doğrulanmadı.",
  "Whoops!": "Hoppala!",
  "Whoops, something went wrong on our servers.": "Hoppala, sunucularımızda bir şeyler ters gitti."
}
