{
  "A fresh verification link has been sent to your email address.": "A fresh verification link has been sent to your email address.",
  "All rights reserved.": "All rights reserved.",
  "Before proceeding, please check your email for a verification link.": "Before proceeding, please check your email for a verification link.",
  "click here to request another": "click here to request another",
  "Confirm Password": "پاس ورڈ کی توثیق کریں",
  "Dashboard": "Dashboard",
  "E-Mail Address": "ای میل اڈریس",
  "Forbidden": "Forbidden",
  "Forgot Your Password?": "اپنا پاس ورڈ بھول گئے؟",
  "Go Home": "Go Home",
  "Hello!": "Hello!",
  "If you did not create an account, no further action is required.": "If you did not create an account, no further action is required.",
  "If you did not receive the email": "If you did not receive the email",
  "If you did not request a password reset, no further action is required.": "اگر آپ نے ایک پاسورڈ ری سیٹ کی درخواست نہیں کی تو، مزید کارروائی کی ضرورت نہیں ہے.",
  "If you’re having trouble clicking the \":actionText\" button, copy and paste the URL below\ninto your web browser:": "If you’re having trouble clicking the \":actionText\" button, copy and paste the URL below\ninto your web browser:",
  "Invalid signature.": "Invalid signature.",
  "Login": "لاگ ان کریں",
  "Logout": "لاگ آوٹ",
  "Name": "نام",
  "Not Found": "Not Found",
  "Oh no": "Oh no",
  "Page Expired": "Page Expired",
  "Password": "پاس ورڈ",
  "Please click the button below to verify your email address.": "Please click the button below to verify your email address.",
  "Please confirm your password before continuing.": "Please confirm your password before continuing.",
  "Regards": "Regards",
  "Register": "رجسٹر کریں",
  "Remember Me": "مجھے یاد رکھیں",
  "Reset Password": "پاس ورڈ ری سیٹ",
  "Reset Password Notification": "پاس ورڈ کی اطلاع دوبارہ ترتیب دیں",
  "Send Password Reset Link": "پاس ورڈ ری سیٹ لنک بھیجیں",
  "Server Error": "Server Error",
  "Service Unavailable": "Service Unavailable",
  "This action is unauthorized.": "This action is unauthorized.",
  "This password reset link will expire in :count minutes.": "This password reset link will expire in :count minutes.",
  "Toggle navigation": "Toggle navigation",
  "Too Many Attempts.": "Too Many Attempts.",
  "Too Many Requests": "Too Many Requests",
  "Unauthorized": "Unauthorized",
  "Verify Email Address": "Verify Email Address",
  "Verify Your Email Address": "Verify Your Email Address",
  "We won't ask for your password again for a few hours.": "We won't ask for your password again for a few hours.",
  "You are logged in!": "You are logged in!",
  "You are receiving this email because we received a password reset request for your account.": "آپ کو یہ ای میل موصول ہو رہا ہے کیونکہ ہم نے آپ کے اکاؤنٹ کے پاس پاسورٹ ری سیٹ کی درخواست موصول ہوئی ہے.",
  "Your email address is not verified.": "Your email address is not verified.",
  "Whoops!": "Whoops!"
}
