{
  "A fresh verification link has been sent to your email address.": "新的驗證連結已發送到您的 E-mail。",
  "All rights reserved.": "版權所有。",
  "Before proceeding, please check your email for a verification link.": "在繼續之前請先驗證您的 E-mail。",
  "click here to request another": "點擊重新發送 E-mail",
  "Confirm Password": "確認密碼",
  "Dashboard": "儀表板",
  "E-Mail Address": "E-mail",
  "Forbidden": "無法瀏覽",
  "Forgot Your Password?": "忘記密碼？",
  "Go Home": "回首頁",
  "Hello!": "您好：",
  "If you did not create an account, no further action is required.": "如果您未註冊帳號，請忽略此郵件。",
  "If you did not receive the email": "如果您沒有收到",
  "If you did not request a password reset, no further action is required.": "如果您未申請重設密碼，請忽略此郵件。",
  "If you’re having trouble clicking the \":actionText\" button, copy and paste the URL below\ninto your web browser:": "如果您點擊「:actionText」按鈕時出現問題，請複製下方連結到瀏覽器中開啟：",
  "Invalid signature.": "簽名無效",
  "Login": "登入",
  "Logout": "登出",
  "Name": "姓名",
  "Not Found": "頁面不存在",
  "Oh no": "不好了",
  "Page Expired": "頁面逾時",
  "Password": "密碼",
  "Please click the button below to verify your email address.": "請點擊下面按鈕驗證您的 E-mail：",
  "Please confirm your password before continuing.": "如要繼續操作，請先確認密碼。",
  "Regards": "致敬",
  "Register": "註冊",
  "Remember Me": "記住我",
  "Reset Password": "重設密碼",
  "Reset Password Notification": "重設密碼通知",
  "Send Password Reset Link": "發送重設密碼連結",
  "Server Error": "伺服器錯誤",
  "Service Unavailable": "暫時不提供服務",
  "This action is unauthorized.": "權限不足",
  "This password reset link will expire in :count minutes.": "這個重設密碼連結將於 :count 分鐘後過期。",
  "Toggle navigation": "切換導航",
  "Too Many Attempts.": "嘗試次數過多",
  "Too Many Requests": "請求次數過多",
  "Unauthorized": "權限不足",
  "Verify Email Address": "驗證 E-mail",
  "Verify Your Email Address": "驗證 E-mail",
  "You are logged in!": "您已登入",
  "We won't ask for your password again for a few hours.": "確認完成後，接下來幾個小時內您不需再輸入密碼。",
  "You are receiving this email because we received a password reset request for your account.": "您收到此電子郵件是因為我們收到了您帳戶的密碼重設請求。",
  "Your email address is not verified.": "您的 E-mail 尚未驗證通過",
  "Whoops!": "哎呦！"
}
