{
    "1": {
        "id": 1,
        "title": "Новость 1",
        "text": "А у нас новость 1 и она очень хорошая!",
        "isPrivate": false,
        "image": null,
        "category": 1
    },
    "2": {
        "id": 2,
        "title": "Новость 2",
        "text": "А у нас новость2 и она очень хорошая!",
        "isPrivate": true,
        "image": null,
        "category": 1
    },
    "3": {
        "id": 3,
        "title": "Новость 3",
        "text": "А у нас новость 3 и она очень хорошая!",
        "isPrivate": false,
        "category": 2
    },
    "4": {
        "id": 4,
        "title": "Новость 4",
        "text": "А у нас новость4 и она очень хорошая!",
        "isPrivate": true,
        "image": null,
        "category": 2
    },
    "5": {
        "title": "5555",
        "text": "555",
        "isPrivate": false,
        "category": "1",
        "image": "\/storage\/images\/EVE9rRiJYngbEaEhULZI2NagcTWhnvQQwm78uNYL.jpeg",
        "id": 5
    },
    "6": {
        "title": "666",
        "text": "66",
        "isPrivate": false,
        "category": "1",
        "image": "\/storage\/images\/KgG1ZSU4sctIuRx8SK14S5LK9555H4ssro2Kl2k4.jpeg",
        "id": 6
    },
    "7": {
        "title": "77",
        "text": "77",
        "isPrivate": false,
        "category": "1",
        "image": "\/storage\/images\/RLHw9sPYbawcFM4IuLAyKBi0H3aolH5sAE1JY0QG.jpeg",
        "id": 7
    },
    "8": {
        "title": "0000",
        "text": "000",
        "isPrivate": false,
        "category": "1",
        "image": null,
        "id": 8
    },
    "9": {
        "title": "111",
        "text": "111",
        "isPrivate": false,
        "category": "1",
        "image": "\/storage\/images\/rG6lgCDWYIfSg3g7HDLY4dksfWj2DxZ5zmSMPkUQ.jpeg",
        "id": 9
    }
}